ID;ID_On_Plate;Random_ID;Experimentor;Testing_Date;Plate;Weight_mg;Colour;Moisture;Lab_Comment
12041831;1;1;Sandra;20190221;1;116;;;
12040461;2;2;Sandra;20190221;1;119,5;;;
12042639;3;3;Sandra;20190221;1;119,4;;;
12042471;4;4;Sandra;20190221;1;115,3;;;
21090028;5;5;Sandra;20190221;1;112,8;;;
21090618;6;6;Sandra;20190221;1;116,1;;;
12041784;7;7;Sandra;20190221;1;109,1;;;
12041636;8;8;Sandra;20190221;1;100;;;
12041296;9;9;Sandra;20190221;1;112,3;;;
12042624;10;10;Sandra;20190221;1;107,3;;;
12041372;11;11;Sandra;20190221;1;115,8;;;
75010048;12;12;Sandra;20190221;1;102,4;;;
12042559;13;13;Sandra;20190221;1;105,1;;;
12041969;14;14;Sandra;20190221;1;116,5;;;
12041079;15;15;Sandra;20190221;1;118,8;;;
21090592;16;16;Sandra;20190221;1;119;;;
12040073;17;17;Sandra;20190221;1;118,4;;;
12041601;18;18;Sandra;20190221;1;95,7;;;
12041215;19;19;Sandra;20190221;1;108,8;;;
12040900;20;20;Sandra;20190221;1;117,1;;;
21090434;21;21;Sandra;20190221;1;101,5;;;
12040122;22;22;Sandra;20190221;1;95,4;;;
12041313;23;23;Sandra;20190221;1;107,3;;;
21090036;24;24;Sandra;20190221;1;109,7;;;
12041029;25;25;Sandra;20190221;1;112,8;;;
12040580;26;26;Sandra;20190221;1;93;;;
12042169;27;27;Sandra;20190221;1;101,2;;;
21090608;28;28;Sandra;20190221;1;96,9;;;
12041007;29;29;Sandra;20190221;1;115,7;;;
71010075;30;30;Sandra;20190221;1;103,4;;;
Ctrl_plt1;Control;Ctrl_plt1;Sandra;20190221;1;66,7;;;
12041854;1;31;Sandra;20190221;2;92,1;;;
12040509;2;32;Sandra;20190221;2;115,4;;;
12041408;3;33;Sandra;20190221;2;110,9;;;
12040604;4;34;Sandra;20190221;2;108,3;;;
12041582;5;35;Sandra;20190221;2;116,2;;;
71010008;6;36;Sandra;20190221;2;101,7;;;
12040911;7;37;Sandra;20190221;2;117,5;;;
12040473;8;38;Sandra;20190221;2;117,3;;;
12041912;9;39;Sandra;20190221;2;116,7;;;
21090441;10;40;Sandra;20190221;2;114,8;;;
12041564;11;41;Sandra;20190221;2;111,9;;;
12042213;12;42;Sandra;20190221;2;109,7;;;
12041387;13;43;Sandra;20190221;2;118,3;;;
12042497;14;44;Sandra;20190221;2;105;;;
12040670;15;45;Sandra;20190221;2;113,9;;;
12041021;16;46;Sandra;20190221;2;119,7;;;
12040873;17;47;Sandra;20190221;2;98,5;;;
12040467;18;48;Sandra;20190221;2;109;;;
71010012;19;49;Sandra;20190221;2;119,9;;;
21090285;20;50;Sandra;20190221;2;111,5;;;
12040799;21;51;Sandra;20190221;2;116,3;;;
12041519;22;52;Sandra;20190221;2;111,5;;;
21090894;23;53;Sandra;20190221;2;116,8;;;
12041656;24;54;Sandra;20190221;2;106,4;;;
12041850;25;55;Sandra;20190221;2;105,7;;;
12041606;26;56;Sandra;20190221;2;101;;;
12041963;27;57;Sandra;20190221;2;108,2;;;
12041742;28;58;Sandra;20190221;2;118,2;;;
12041417;29;59;Sandra;20190221;2;114,2;;;
12042571;30;60;Sandra;20190221;2;117,2;;;
Ctrl_plt2;Control;Ctrl_plt2;Sandra;20190221;2;66,7;;;
12042146;1;61;Sandra;20190226;3;103,3;;;
12040167;2;62;Sandra;20190226;3;108,4;;;
12041379;3;63;Sandra;20190226;3;107,6;;;
12040408;4;64;Sandra;20190226;3;107,5;;;
12040424;5;65;Sandra;20190226;3;102,2;;;
12041335;6;66;Sandra;20190226;3;98,7;;;
12041236;7;67;Sandra;20190226;3;113,9;;;
12040304;8;68;Sandra;20190226;3;97,7;;;
12040767;9;69;Sandra;20190226;3;NA;;;
12040854;10;70;Sandra;20190226;3;113,6;;;
12041794;11;71;Sandra;20190226;3;116,6;;;
12041780;12;72;Sandra;20190226;3;113,4;;;
21090669;13;73;Sandra;20190226;3;109,4;;;
21090180;14;74;Sandra;20190226;3;105,7;;;
12040107;15;75;Sandra;20190226;3;88,7;;;
21090172;16;76;Sandra;20190226;3;99,5;;;
12041183;17;77;Sandra;20190226;3;108,1;;;
12042466;18;78;Sandra;20190226;3;97,1;;;
12040361;19;79;Sandra;20190226;3;119,9;;;
empty;20;80;Sandra;20190226;3;NA;;;
12041572;21;81;Sandra;20190226;3;116,9;;;
21090844;22;82;Sandra;20190226;3;102;;;
12041309;23;83;Sandra;20190226;3;118;;;
21090615;24;84;Sandra;20190226;3;75,3;;;
12040333;25;85;Sandra;20190226;3;104,6;;;
12042602;26;86;Sandra;20190226;3;98,1;;;
12041261;27;87;Sandra;20190226;3;94,3;;;
12040403;28;88;Sandra;20190226;3;110,6;;;
12042385;29;89;Sandra;20190226;3;116,8;;;
12040262;30;90;Sandra;20190226;3;101,2;;;
Ctrl_plt3;Control;Ctrl_plt3;Sandra;20190226;3;66,7;;;
21090601;1;91;Liwei;20190227;4;91,4;;;
71010016;2;92;Liwei;20190227;4;107;;;
12041267;3;93;Liwei;20190227;4;99,1;;;
12040576;4;94;Liwei;20190227;4;116,8;;;
12040752;5;95;Liwei;20190227;4;95,4;;;
21090081;6;96;Liwei;20190227;4;96,3;;;
12040668;7;97;Liwei;20190227;4;114,5;;;
21090605;8;98;Liwei;20190227;4;99,3;;;
12041343;9;99;Liwei;20190227;4;119,7;;;
12041731;10;100;Liwei;20190227;4;103,4;;;
12042425;11;101;Liwei;20190227;4;103,4;;;
12041300;12;102;Liwei;20190227;4;113,4;;;
12042607;13;103;Liwei;20190227;4;110,7;;;
12040447;14;104;Liwei;20190227;4;103;;;
12041914;15;105;Liwei;20190227;4;NA;;;
12041822;16;106;Liwei;20190227;4;120;;;
12041832;17;107;Liwei;20190227;4;117,6;;;
21090176;18;108;Liwei;20190227;4;102,2;;;
21090735;19;109;Liwei;20190227;4;106,7;;;
12041443;20;110;Liwei;20190227;4;99,8;;;
12042631;21;111;Liwei;20190227;4;114,7;;;
12042168;22;112;Liwei;20190227;4;105,4;;;
12041958;23;113;Liwei;20190227;4;120;;;
12041165;24;114;Liwei;20190227;4;NA;;;
12041690;25;115;Liwei;20190227;4;117,7;;;
12041216;26;116;Liwei;20190227;4;NA;;;
12041802;27;117;Liwei;20190227;4;116,8;;;
12042431;28;118;Liwei;20190227;4;104,9;;;
21090570;29;119;Liwei;20190227;4;95,9;;;
12041377;30;120;Liwei;20190227;4;123,3;;;
Ctrl_plt4;Control;Ctrl_plt4;Liwei;20190227;4;66,7;;;
21090885;1;121;Liwei;20190227;5;120,6;;;
12041663;2;122;Liwei;20190227;5;105,8;;;
12040384;3;123;Liwei;20190227;5;127,4;;;
12042584;4;124;Liwei;20190227;5;101,2;;;
75010051;5;125;Liwei;20190227;5;127,1;;;
12041753;6;126;Liwei;20190227;5;111,3;;;
12040612;7;127;Liwei;20190227;5;101,5;;;
21090093;8;128;Liwei;20190227;5;100,2;;;
75010075;9;129;Liwei;20190227;5;105,7;;;
12042596;10;130;Liwei;20190227;5;114,6;;;
21090564;11;131;Liwei;20190227;5;115,4;;;
12040063;12;132;Liwei;20190227;5;111,7;;;
21090763;13;133;Liwei;20190227;5;106,9;;;
21090880;14;134;Liwei;20190227;5;115;;;
12041907;15;135;Liwei;20190227;5;97,9;;;
12042615;16;136;Liwei;20190227;5;100,4;;;
12040485;17;137;Liwei;20190227;5;109,7;;;
12041252;18;138;Liwei;20190227;5;109,3;;;
21090586;19;139;Liwei;20190227;5;107,2;;;
12041993;20;140;Liwei;20190227;5;102,6;;;
12040634;21;141;Liwei;20190227;5;110,6;;;
21090939;22;142;Liwei;20190227;5;117,1;;;
21090078;23;143;Liwei;20190227;5;95,6;;;
12040474;24;144;Liwei;20190227;5;103,3;;;
71010042;25;145;Liwei;20190227;5;119,2;;;
12041013;26;146;Liwei;20190227;5;117,3;;;
12041895;27;147;Liwei;20190227;5;120,3;;;
12041058;28;148;Liwei;20190227;5;119,1;;;
12042315;29;149;Liwei;20190227;5;110,3;;;
12041292;30;150;Liwei;20190227;5;101,7;;;
Ctrl_plt5;Control;Ctrl_plt5;Liwei;20190227;5;66,7;;;
12040898;1;151;Liwei;20190228;6;115,8;1;;
12042203;2;152;Liwei;20190228;6;121,2;3;;
12042211;3;153;Liwei;20190228;6;114,2;3;;
12041401;4;154;Liwei;20190228;6;101,4;5;;
21090168;5;155;Liwei;20190228;6;95,4;3;;
12040989;6;156;Liwei;20190228;6;119,2;3;;
12041574;7;157;Liwei;20190228;6;117,2;5;;
12041055;8;158;Liwei;20190228;6;105,5;4;;
12040575;9;159;Liwei;20190228;6;109,3;3;;
12040583;10;160;Liwei;20190228;6;105,6;3;;
12042316;11;161;Liwei;20190228;6;116,7;3;;
12041270;12;162;Liwei;20190228;6;101,8;2;;
12040783;13;163;Liwei;20190228;6;112;3;;
12041584;14;164;Liwei;20190228;6;120;1;;
12041237;15;165;Liwei;20190228;6;111,4;2;;
21090022;16;166;Liwei;20190228;6;98;4;;
12042240;17;167;Liwei;20190228;6;112,3;3;;
12040789;18;168;Liwei;20190228;6;114,1;1;;
21090068;19;169;Liwei;20190228;6;109,8;1;;
12040586;20;170;Liwei;20190228;6;119,4;5;;
12041289;21;171;Liwei;20190228;6;105,4;3;;
12042341;22;172;Liwei;20190228;6;107,4;4;;
12041317;23;173;Liwei;20190228;6;95,6;2;;
12040288;24;174;Liwei;20190228;6;113;1;;
12041990;25;175;Liwei;20190228;6;115,4;4;;
12041505;26;176;Liwei;20190228;6;117,9;1;;
12041693;27;177;Liwei;20190228;6;109,8;3;;
21090870;28;178;Liwei;20190228;6;119,9;3;;
12042335;29;179;Liwei;20190228;6;104,9;3;;
12041458;30;180;Liwei;20190228;6;111,6;4;;
Ctrl_plt6;Control;Ctrl_plt6;Liwei;20190228;6;66,7;NA;;
12041120;1;181;Liwei;20190228;7;111,8;2;;
21090358;2;182;Liwei;20190228;7;111,8;4;;
12040574;3;183;Liwei;20190228;7;109,2;2;;
21090656;4;184;Liwei;20190228;7;96,4;3;;
12041734;5;185;Liwei;20190228;7;101,9;3;;
12042435;6;186;Liwei;20190228;7;103,3;5;;
75010020;7;187;Liwei;20190228;7;104,6;2;;
12041941;8;188;Liwei;20190228;7;104,7;4;;
12040186;9;189;Liwei;20190228;7;NA;NA;;
21090640;10;190;Liwei;20190228;7;96,1;4;;
12040513;11;191;Liwei;20190228;7;93,3;5;;
12040506;12;192;Liwei;20190228;7;113,3;1;;
12042541;13;193;Liwei;20190228;7;104;3;;
12042326;14;194;Liwei;20190228;7;96,1;5;;
12041088;15;195;Liwei;20190228;7;90,8;3;;
12040751;16;196;Liwei;20190228;7;106,2;4;;
12042457;17;197;Liwei;20190228;7;103,7;3;;
12041521;18;198;Liwei;20190228;7;120,7;1;;
12041333;19;199;Liwei;20190228;7;118,8;4;;
21090396;20;200;Liwei;20190228;7;120;4;;
12041583;21;201;Liwei;20190228;7;111,1;4;;
12042145;22;202;Liwei;20190228;7;119,4;1;;
12041344;23;203;Liwei;20190228;7;99,6;2;;
12040539;24;204;Liwei;20190228;7;107,6;5;;
12041815;25;205;Liwei;20190228;7;108,6;2;;
21090438;26;206;Liwei;20190228;7;110,9;2;;
12040405;27;207;Liwei;20190228;7;102,8;3;;
12041466;28;208;Liwei;20190228;7;NA;NA;;
21090074;29;209;Liwei;20190228;7;91,9;4;;
12041319;30;210;Liwei;20190228;7;92,5;4;;
Ctrl_plt7;Control;Ctrl_plt7;Liwei;20190228;7;66,7;NA;;
12041012;1;211;Sandra;20190301;8;103,1;3;;
21090294;2;212;Sandra;20190301;8;111,6;4;;
12041748;3;213;Sandra;20190301;8;106,8;4;;
71010013;4;214;Sandra;20190301;8;103,8;1;;
12042460;5;215;Sandra;20190301;8;104,3;1;;
12041697;6;216;Sandra;20190301;8;118,6;5;;
12041095;7;217;Sandra;20190301;8;59,1;1;;
12042573;8;218;Sandra;20190301;8;105,7;4;;
21090631;9;219;Sandra;20190301;8;98,8;1;;
12040412;10;220;Sandra;20190301;8;114,1;2;;
21090900;11;221;Sandra;20190301;8;108,8;2;;
12042632;12;222;Sandra;20190301;8;99,8;3;;
12041702;13;223;Sandra;20190301;8;87,8;2;;
21090624;14;224;Sandra;20190301;8;98,2;2;;
12041943;15;225;Sandra;20190301;8;121,9;2;;
12041595;16;226;Sandra;20190301;8;93,1;5;;
12040566;17;227;Sandra;20190301;8;111,7;2;;
12041891;18;228;Sandra;20190301;8;115,9;3;;
21090547;19;229;Sandra;20190301;8;105,3;1;;
12040495;20;230;Sandra;20190301;8;89,9;5;;
12042224;21;231;Sandra;20190301;8;88,8;2;;
12040096;22;232;Sandra;20190301;8;NA;NA;;
71010014;23;233;Sandra;20190301;8;116;1;;
12040680;24;234;Sandra;20190301;8;104,2;1;;
12041852;25;235;Sandra;20190301;8;119;2;;
12041910;26;236;Sandra;20190301;8;114,3;4;;
12041994;27;237;Sandra;20190301;8;112,5;5;;
12041865;28;238;Sandra;20190301;8;88,8;3;;
12040295;29;239;Sandra;20190301;8;100,2;3;;
12041303;30;240;Sandra;20190301;8;106;2;;
Ctrl_plt8;Control;Ctrl_plt8;Sandra;20190301;8;66,7;NA;;
12040924;1;241;Sandra;20190305;9;109,7;;;
12040156;2;242;Sandra;20190305;9;109,6;;;
12040678;3;243;Sandra;20190305;9;97,5;;;
12041752;4;244;Sandra;20190305;9;114,1;;;
12041590;5;245;Sandra;20190305;9;117,1;;;
21090613;6;246;Sandra;20190305;9;112,2;;;
12042449;7;247;Sandra;20190305;9;97,2;;;
12041950;8;248;Sandra;20190305;9;104,4;;;
21090878;9;249;Sandra;20190305;9;109,6;;;
12041422;10;250;Sandra;20190305;9;115,5;;;
12041093;11;251;Sandra;20190305;9;112,3;;;
12041890;12;252;Sandra;20190305;9;108,1;;;
12041456;13;253;Sandra;20190305;9;120,3;;;
12041754;14;254;Sandra;20190305;9;118,3;;;
12041451;15;255;Sandra;20190305;9;NA;;;
12040995;16;256;Sandra;20190305;9;NA;;;
12041302;17;257;Sandra;20190305;9;95,6;;;
12041414;18;258;Sandra;20190305;9;97,5;;;
12041151;19;259;Sandra;20190305;9;117,6;;;
12040170;20;260;Sandra;20190305;9;110,6;;;
12041678;21;261;Sandra;20190305;9;102,6;;;
12042386;22;262;Sandra;20190305;9;99,5;;;
12040913;23;263;Sandra;20190305;9;91,5;;;
12042400;24;264;Sandra;20190305;9;94,2;;;
12041240;25;265;Sandra;20190305;9;119,6;;;
12041078;26;266;Sandra;20190305;9;97,1;;;
12042629;27;267;Sandra;20190305;9;98,9;;;
12040561;28;268;Sandra;20190305;9;105,5;;;
71010015;29;269;Sandra;20190305;9;112,1;;;
12042585;30;270;Sandra;20190305;9;107;;;
Ctrl_plt9;Control;Ctrl_plt9;Sandra;20190305;9;66,7;;;
12042448;1;271;Sandra;20190305;10;91,4;;;
12041970;2;272;Sandra;20190305;10;101,5;;;
12041760;3;273;Sandra;20190305;10;99,1;;;
21090275;4;274;Sandra;20190305;10;118,1;;;
12040775;5;275;Sandra;20190305;10;126,3;;;
12042617;6;276;Sandra;20190305;10;118,3;;;
12040549;7;277;Sandra;20190305;10;114,1;;;
21090032;8;278;Sandra;20190305;10;113,9;;;
21090171;9;279;Sandra;20190305;10;119,9;;;
12040080;10;280;Sandra;20190305;10;104,9;;;
12042594;11;281;Sandra;20190305;10;115,5;;;
12040468;12;282;Sandra;20190305;10;97,5;;;
12042377;13;283;Sandra;20190305;10;99,7;;;
21090645;14;284;Sandra;20190305;10;124,7;;;
12041535;15;285;Sandra;20190305;10;113,5;;;
21090024;16;286;Sandra;20190305;10;111,4;;;
12040905;17;287;Sandra;20190305;10;115,8;;;
12041447;18;288;Sandra;20190305;10;68,4;;;
21090886;19;289;Sandra;20190305;10;122,9;;;
12042582;20;290;Sandra;20190305;10;123,4;;;
12040654;21;291;Sandra;20190305;10;118,9;;;
21090025;22;292;Sandra;20190305;10;106,1;;;
12041248;23;293;Sandra;20190305;10;112,9;;;
12042311;24;294;Sandra;20190305;10;110,2;;;
12041411;25;295;Sandra;20190305;10;101;;;
12042492;26;296;Sandra;20190305;10;121,9;;;
12041881;27;297;Sandra;20190305;10;115,8;;;
12040456;28;298;Sandra;20190305;10;115,7;;;
12042546;29;299;Sandra;20190305;10;123,3;;;
12040440;30;300;Sandra;20190305;10;103,5;;;
Ctrl_plt10;Control;Ctrl_plt10;Sandra;20190305;10;66,7;;;
12041982;1;301;Liwei;20190305;11;109,7;;;
12041354;2;302;Liwei;20190305;11;123,1;;;
12042258;3;303;Liwei;20190305;11;116,3;;;
12040595;4;304;Liwei;20190305;11;112;;;
21090916;5;305;Liwei;20190305;11;101,4;;;
12040348;6;306;Liwei;20190305;11;112,2;;;
71010053;7;307;Liwei;20190305;11;119,3;;;
12041762;8;308;Liwei;20190305;11;113;;;
21090354;9;309;Liwei;20190305;11;106,3;;;
12040102;10;310;Liwei;20190305;11;120,7;;;
12042464;11;311;Liwei;20190305;11;122,2;;;
12040662;12;312;Liwei;20190305;11;104,2;;;
12041897;13;313;Liwei;20190305;11;109,6;;;
75010058;14;314;Liwei;20190305;11;NA;;;
12040748;15;315;Liwei;20190305;11;108,2;;;
12040892;16;316;Liwei;20190305;11;108,4;;;
12040768;17;317;Liwei;20190305;11;116,7;;;
12041184;18;318;Liwei;20190305;11;124,7;;;
12041345;19;319;Liwei;20190305;11;98,6;;;
12040124;20;320;Liwei;20190305;11;102,4;;;
12041978;21;321;Liwei;20190305;11;115,3;;;
12040796;22;322;Liwei;20190305;11;NA;;;
12041282;23;323;Liwei;20190305;11;105,4;;;
21090899;24;324;Liwei;20190305;11;51,4;;;
12042220;25;325;Liwei;20190305;11;109,8;;;
12042597;26;326;Liwei;20190305;11;108,4;;;
12041459;27;327;Liwei;20190305;11;112,8;;;
12040636;28;328;Liwei;20190305;11;92;;;
12041357;29;329;Liwei;20190305;11;104,9;;;
12041926;30;330;Liwei;20190305;11;101,5;;;
Ctrl_plt11;Control;Ctrl_plt11;Liwei;20190305;11;66,7;;;
12040564;1;331;Liwei;20190305;12;99,2;;;
12040254;2;332;Liwei;20190305;12;117,6;;;
12042463;3;333;Liwei;20190305;12;100,1;;;
12040672;4;334;Liwei;20190305;12;93,3;;;
12042439;5;335;Liwei;20190305;12;122,3;;;
12040251;6;336;Liwei;20190305;12;117,3;;;
12040077;7;337;Liwei;20190305;12;110,3;;;
12040351;8;338;Liwei;20190305;12;111;;;
12040188;9;339;Liwei;20190305;12;NA;;;
21090621;10;340;Liwei;20190305;12;100,7;;;
12040153;11;341;Liwei;20190305;12;94,5;;;
21090896;12;342;Liwei;20190305;12;96,7;;;
12040366;13;343;Liwei;20190305;12;91,2;;;
12042486;14;344;Liwei;20190305;12;125,6;;;
12041269;15;345;Liwei;20190305;12;114,2;;;
12040312;16;346;Liwei;20190305;12;99,3;;;
21090360;17;347;Liwei;20190305;12;101;;;
12041371;18;348;Liwei;20190305;12;94,4;;;
12041304;19;349;Liwei;20190305;12;124,2;;;
21090085;20;350;Liwei;20190305;12;101,4;;;
12041708;21;351;Liwei;20190305;12;115,2;;;
21090575;22;352;Liwei;20190305;12;119,7;;;
12040503;23;353;Liwei;20190305;12;88,7;;;
12041525;24;354;Liwei;20190305;12;98,6;;;
12041843;25;355;Liwei;20190305;12;126,7;;;
12041415;26;356;Liwei;20190305;12;89,3;;;
12040657;27;357;Liwei;20190305;12;101,2;;;
12041844;28;358;Liwei;20190305;12;NA;;;
12040839;29;359;Liwei;20190305;12;NA;;;
12040620;30;360;Liwei;20190305;12;122,3;;;
Ctrl_plt12;Control;Ctrl_plt12;Liwei;20190305;12;66,7;;;
12041954;1;361;;;13;89,2;;;
12040505;2;362;;;13;108,3;;;
12041620;3;363;;;13;108,3;;;
21090300;4;364;;;13;95,6;;;
75010019;5;365;;;13;90,1;;;
12041879;6;366;;;13;127,3;;;
12041712;7;367;;;13;104,7;;;
12040175;8;368;;;13;109,1;;;
12041113;9;369;;;13;125,3;;;
12041729;10;370;;;13;90,9;;;
21090062;11;371;;;13;88,8;;;
12041938;12;372;;;13;121,4;;;
21090947;13;373;;;13;90,7;;;
12040448;14;374;;;13;118,2;;;
12042114;15;375;;;13;125;;;
21090158;16;376;;;13;97,1;;;
12041395;17;377;;;13;110,8;;;
12041132;18;378;;;13;87;;;
21090941;19;379;;;13;94,5;;;
12040528;20;380;;;13;93,2;;;
12040058;21;381;;;13;115,2;;;
12041793;22;382;;;13;105,1;;;
71010068;23;383;;;13;107,7;;;
21090625;24;384;;;13;96,3;;;
12042369;25;385;;;13;119,1;;;
12042506;26;386;;;13;113,3;;;
12042572;27;387;;;13;105,5;;;
12041206;28;388;;;13;108,1;;;
12042442;29;389;;;13;98,3;;;
75010033;30;390;;;13;114;;;
Ctrl_plt13;Control;Ctrl_plt13;;;13;66,7;;;
12040054;1;391;;;14;128;;;
12041660;2;392;;;14;116,5;;;
12041046;3;393;;;14;116,3;;;
21090364;4;394;;;14;112,7;;;
12041251;5;395;;;14;104,9;;;
21090871;6;396;;;14;114,3;;;
12041809;7;397;;;14;118,1;;;
12042570;8;398;;;14;105,9;;;
12040619;9;399;;;14;98,9;;;
12041288;10;400;;;14;118,4;;;
12041359;11;401;;;14;98,8;;;
12042426;12;402;;;14;95,9;;;
12040065;13;403;;;14;90,3;;;
12042601;14;404;;;14;91,5;;;
12042568;15;405;;;14;88,9;;;
12042436;16;406;;;14;88,6;;;
21090612;17;407;;;14;86,6;;;
12040815;18;408;;;14;91,7;;;
12041791;19;409;;;14;114,5;;;
12040649;20;410;;;14;107,9;;;
12042382;21;411;;;14;102,8;;;
12040137;22;412;;;14;NA;;;
12041856;23;413;;;14;97,8;;;
12041833;24;414;;;14;103,6;;;
12041328;25;415;;;14;103,7;;;
21090072;26;416;;;14;93,9;;;
21090199;27;417;;;14;84,4;;;
12041062;28;418;;;14;109,5;;;
12041964;29;419;;;14;107,3;;;
12041295;30;420;;;14;121,9;;;
Ctrl_plt14;Control;Ctrl_plt14;;;14;66,7;;;
12040791;1;421;;;15;102,9;;;
12040969;2;422;;;15;121,9;;;
12041848;3;423;;;15;89,7;;;
12041453;4;424;;;15;119,2;;;
12041901;5;425;;;15;105,4;;;
21090177;6;426;;;15;121,9;;;
12040454;7;427;;;15;91,5;;;
12040452;8;428;;;15;103,1;;;
12040567;9;429;;;15;115,6;;;
12040667;10;430;;;15;110,1;;;
12041394;11;431;;;15;111,4;;;
12042628;12;432;;;15;92,1;;;
12041917;13;433;;;15;106,3;;4;
75010044;14;434;;;15;98,3;;4;
12041318;15;435;;;15;102,8;;4;
21090194;16;436;;;15;108,3;;4;
12040389;17;437;;;15;126,8;;4;
21090382;18;438;;;15;114;;5;
12040322;19;439;;;15;127,9;;4;
12041820;20;440;;;15;117,4;;4;
12041181;21;441;;;15;118,2;;4;
12040626;22;442;;;15;100,9;;4;
12041873;23;443;;;15;105,8;;3;
12041369;24;444;;;15;102,8;;4;
12041681;25;445;;;15;97,1;;4;
21090851;26;446;;;15;98,8;;4;
12041749;27;447;;;15;93,1;;3;
12040466;28;448;;;15;93,1;;5;
12040617;29;449;;;15;127;;4;
12041858;30;450;;;15;96,5;;4;
Ctrl_plt15;Control;Ctrl_plt15;;;15;66,7;;NA;
12041170;1;451;;;16;121,9;;3;
21090385;2;452;;;16;127,2;;3;
12040352;3;453;;;16;119,8;;3;
12042612;4;454;;;16;123,9;;5;
12041557;5;455;;;16;106,3;;4;
12041275;6;456;;;16;108,9;;3;
21090070;7;457;;;16;102,7;;3;
12040784;8;458;;;16;NA;;NA;
12041315;9;459;;;16;118,9;;4;
12042334;10;460;;;16;120,5;;3;
12041297;11;461;;;16;111,6;;5;
12041423;12;462;;;16;107,9;;3;
12042380;13;463;;;16;111,2;;3;
12041913;14;464;;;16;99,1;;5;
12042333;15;465;;;16;110,8;;4;
21090098;16;466;;;16;82,4;;2;
12042593;17;467;;;16;96,9;;1;
12040753;18;468;;;16;93,9;;5;
12040272;19;469;;;16;108,8;;3;
12040962;20;470;;;16;126,9;;3;
12041158;21;471;;;16;116,9;;3;
12042608;22;472;;;16;88,5;;4;
21090272;23;473;;;16;89,8;;4;
12041427;24;474;;;16;104;;4;
12041346;25;475;;;16;115,6;;4;
12040362;26;476;;;16;108,8;;4;
12041218;27;477;;;16;106,7;;4;
12040951;28;478;;;16;93,2;;4;
21090155;29;479;;;16;90,1;;3;
75010013;30;480;;;16;91,4;;3;
Ctrl_plt16;Control;Ctrl_plt16;;;16;66,7;;NA;
21090737;1;481;;;17;85,8;;4;
12041603;2;482;;;17;96,7;;4;
12042139;3;483;;;17;120,6;;3;
12041510;4;484;;;17;125,7;;4;
12041779;5;485;;;17;88,8;;4;
12042509;6;486;;;17;86;;4;
21090908;7;487;;;17;126,6;;5;
12041434;8;488;;;17;92,7;;5;
12040531;9;489;;;17;100,3;;5;
12042396;10;490;;;17;126,3;;5;
12041781;11;491;;;17;122,3;;4;
12040562;12;492;;;17;117,8;;4;
12042399;13;493;;;17;85,4;;4;
12041600;14;494;;;17;98,7;;3;
12042549;15;495;;;17;118,5;;4;
12040519;16;496;;;17;95,2;;3;
12041436;17;497;;;17;111,3;;3;
12041437;18;498;;;17;110,1;;4;
12041342;19;499;;;17;84;;3;
12041347;20;500;;;17;106,3;;4;
12040611;21;501;;;17;122,4;;5;
71010017;22;502;;;17;107,3;;4;
12040453;23;503;;;17;125;;5;
12040570;24;504;;;17;116,4;;3;
12041965;25;505;;;17;114,9;;5;
12042321;26;506;;;17;100,7;;4;
12041507;27;507;;;17;109;;3;
12040476;28;508;;;17;119;;4;
12040600;29;509;;;17;119,4;;4;
12042206;30;510;;;17;102,8;;3;
Ctrl_plt17;Control;Ctrl_plt17;;;17;66,7;;NA;
12041117;1;511;;;18;115;;4;
12041857;2;512;;;18;98,8;;4;
12042376;3;513;;;18;112,8;;5;
12040999;4;514;;;18;113,9;;3;
12042201;5;515;;;18;111,4;;3;
12041658;6;516;;;18;97;;3;
12042342;7;517;;;18;115,4;;2;
12042136;8;518;;;18;114,4;;5;
12042619;9;519;;;18;109,3;;5;
71010020;10;520;;;18;115,5;;4;
12040510;11;521;;;18;108,3;;5;
12041430;12;522;;;18;111,7;;3;
21090372;13;523;;;18;101,9;;3;
12042540;14;524;;;18;125,9;;3;
12040404;15;525;;;18;129;;3;
12041977;16;526;;;18;105,6;;2;
12041991;17;527;;;18;117;;3;
12040094;18;528;;;18;127;;3;
75010035;19;529;;;18;108,5;;3;
21090616;20;530;;;18;115,2;;3;
21090721;21;531;;;18;104,3;;2;
12041279;22;532;;;18;113,4;;3;
12041711;23;533;;;18;114,5;;3;
12041277;24;534;;;18;98,4;;4;
21090905;25;535;;;18;NA;;NA;
12040653;26;536;;;18;113,2;;4;
12041821;27;537;;;18;119,4;;3;
12040057;28;538;;;18;128,4;;4;
21090589;29;539;;;18;120,6;;5;
12040083;30;540;;;18;127,8;;5;
Ctrl_plt18;Control;Ctrl_plt18;;;18;66,7;;NA;
21090075;1;541;;;19;102,8;;5;
21090291;2;542;;;19;113,7;;3;
12041792;3;543;;;19;128,2;;3;
12041776;4;544;;;19;109,5;;4;
21090553;5;545;;;19;115,6;;5;
12042128;6;546;;;19;117,9;;4;
12041094;7;547;;;19;103,5;;3;
21090188;8;548;;;19;116,7;;4;
12041906;9;549;;;19;95,4;;4;
21090836;10;550;;;19;128,1;;4;
12040530;11;551;;;19;102,9;;4;
12040323;12;552;;;19;104,4;;4;
12042365;13;553;;;19;96,6;;3;
12041416;14;554;;;19;115,2;;3;
12042433;15;555;;;19;90,6;;3;
12040533;16;556;;;19;106;;3;
12041835;17;557;;;19;102,9;;3;
75010036;18;558;;;19;105;;3;
12041336;19;559;;;19;118,8;;4;
12040125;20;560;;;19;109,4;;4;
12041989;21;561;;;19;120;;3;
12041921;22;562;;;19;108,4;;3;
12041554;23;563;;;19;108,2;;3;
12041920;24;564;;;19;93,6;;3;
21090670;25;565;;;19;83;;4;
12042576;26;566;;;19;111,6;;4;
12040658;27;567;;;19;105,2;;4;
12042336;28;568;;;19;NA;;NA;
12040887;29;569;;;19;106;;4;
12041720;30;570;;;19;96,9;;3;
Ctrl_plt19;Control;Ctrl_plt19;;;19;66,7;;NA;
12040661;1;571;;;20;127,8;;3;
12041214;2;572;;;20;110,7;;4;
21090191;3;573;;;20;121,2;;4;
12042618;4;574;;;20;94,5;;3;
12040491;5;575;;;20;109,2;;3;
12041898;6;576;;;20;104,3;;4;
12042562;7;577;;;20;;;;
12040324;8;578;;;20;;;;
12040585;9;579;;;20;;;;
12040112;10;580;;;20;;;;
12041889;11;581;;;20;;;;
12041893;12;582;;;20;;;;
21090384;13;583;;;20;;;;
12041531;14;584;;;20;;;;
12042455;15;585;;;20;;;;
12042116;16;586;;;20;;;;
12040271;17;587;;;20;;;;
12040944;18;588;;;20;;;;
71010033;19;589;;;20;;;;
12041633;20;590;;;20;;;;
21090273;21;591;;;20;;;;
12040472;22;592;;;20;;;;
12041463;23;593;;;20;;;;
12040955;24;594;;;20;;;;
12042113;25;595;;;20;;;;
12042636;26;596;;;20;;;;
21090711;27;597;;;20;;;;
12041825;28;598;;;20;;;;
12041238;29;599;;;20;;;;
12040489;30;600;;;20;;;;
Ctrl_plt20;Control;Ctrl_plt20;;;20;66,7;;;
12042158;1;601;;;21;;;;
12040961;2;602;;;21;;;;
12040135;3;603;;;21;;;;
12040618;4;604;;;21;;;;
12041757;5;605;;;21;;;;
12040264;6;606;;;21;;;;
75010027;7;607;;;21;;;;
12042447;8;608;;;21;;;;
12040954;9;609;;;21;;;;
12040296;10;610;;;21;;;;
12040795;11;611;;;21;;;;
12041851;12;612;;;21;;;;
12042501;13;613;;;21;;;;
12041037;14;614;;;21;;;;
12041361;15;615;;;21;;;;
12042510;16;616;;;21;;;;
12041716;17;617;;;21;;;;
12040534;18;618;;;21;;;;
12040180;19;619;;;21;;;;
12040283;20;620;;;21;;;;
21090534;21;621;;;21;;;;
12041692;22;622;;;21;;;;
12042586;23;623;;;21;;;;
12040743;24;624;;;21;;;;
12040346;25;625;;;21;;;;
12040431;26;626;;;21;;;;
21090942;27;627;;;21;;;;
12042323;28;628;;;21;;;;
12042209;29;629;;;21;;;;
12040577;30;630;;;21;;;;
Ctrl_plt21;Control;Ctrl_plt21;;;22;66,7;;;
12041622;1;631;;;22;;;;
21090599;2;632;;;22;;;;
21090040;3;633;;;22;;;;
12041689;4;634;;;22;;;;
12040928;5;635;;;22;;;;
12040765;6;636;;;22;;;;
12042312;7;637;;;22;;;;
12040068;8;638;;;22;;;;
12040840;9;639;;;22;;;;
12041299;10;640;;;22;;;;
21090293;11;641;;;22;;;;
12040650;12;642;;;22;;;;
12041755;13;643;;;22;;;;
12041104;14;644;;;22;;;;
21090576;15;645;;;22;;;;
12041904;16;646;;;22;;;;
12040407;17;647;;;22;;;;
12041008;18;648;;;22;;;;
12040671;19;649;;;22;;;;
12041648;20;650;;;22;;;;
12041461;21;651;;;22;;;;
12040591;22;652;;;22;;;;
12041782;23;653;;;22;;;;
12040190;24;654;;;22;;;;
12042454;25;655;;;22;;;;
12041909;26;656;;;22;;;;
12041003;27;657;;;22;;;;
12042152;28;658;;;22;;;;
12040874;29;659;;;22;;;;
21090435;30;660;;;22;;;;
Ctrl_plt22;Control;Ctrl_plt22;;;22;66,7;;;
21090429;1;661;;;23;;;;
12040114;2;662;;;23;;;;
12041101;3;663;;;23;;;;
21090375;4;664;;;23;;;;
12042418;5;665;;;23;;;;
21090355;6;666;;;23;;;;
12040880;7;667;;;23;;;;
21090852;8;668;;;23;;;;
12042579;9;669;;;23;;;;
12041190;10;670;;;23;;;;
21090946;11;671;;;23;;;;
12040148;12;672;;;23;;;;
21090850;13;673;;;23;;;;
12041524;14;674;;;23;;;;
12041484;15;675;;;23;;;;
12042638;16;676;;;23;;;;
12041836;17;677;;;23;;;;
12042548;18;678;;;23;;;;
12041517;19;679;;;23;;;;
12040430;20;680;;;23;;;;
21090723;21;681;;;23;;;;
12040152;22;682;;;23;;;;
12041696;23;683;;;23;;;;
12041886;24;684;;;23;;;;
12040572;25;685;;;23;;;;
12040093;26;686;;;23;;;;
12042362;27;687;;;23;;;;
12041703;28;688;;;23;;;;
21090045;29;689;;;23;;;;
12042143;30;690;;;23;;;;
Ctrl_plt23;Control;Ctrl_plt23;;;23;66,7;;;
12041849;1;691;;;24;;;;
12040050;2;692;;;24;;;;
12041817;3;693;;;24;;;;
21090394;4;694;;;24;;;;
12040820;5;695;;;24;;;;
12041212;6;696;;;24;;;;
12041441;7;697;;;24;;;;
21090096;8;698;;;24;;;;
12042419;9;699;;;24;;;;
12040538;10;700;;;24;;;;
12042550;11;701;;;24;;;;
12041728;12;702;;;24;;;;
12040959;13;703;;;24;;;;
12040169;14;704;;;24;;;;
12040856;15;705;;;24;;;;
12042409;16;706;;;24;;;;
12040270;17;707;;;24;;;;
12040842;18;708;;;24;;;;
12042450;19;709;;;24;;;;
12041743;20;710;;;24;;;;
12041257;21;711;;;24;;;;
12040674;22;712;;;24;;;;
12040239;23;713;;;24;;;;
21090587;24;714;;;24;;;;
12042384;25;715;;;24;;;;
12041772;26;716;;;24;;;;
12042580;27;717;;;24;;;;
12041367;28;718;;;24;;;;
12041853;29;719;;;24;;;;
12040086;30;720;;;24;;;;
Ctrl_plt24;Control;Ctrl_plt24;;;24;66,7;;;
12041705;1;721;;;25;;;;
12040766;2;722;;;25;;;;
12041829;3;723;;;25;;;;
12040363;4;724;;;25;;;;
12040191;5;725;;;25;;;;
12042122;6;726;;;25;;;;
12042338;7;727;;;25;;;;
75010008;8;728;;;25;;;;
12041263;9;729;;;25;;;;
12041054;10;730;;;25;;;;
12041756;11;731;;;25;;;;
71010032;12;732;;;25;;;;
12041637;13;733;;;25;;;;
12040923;14;734;;;25;;;;
21090681;15;735;;;25;;;;
12040806;16;736;;;25;;;;
12041778;17;737;;;25;;;;
12040168;18;738;;;25;;;;
71010063;19;739;;;25;;;;
12041450;20;740;;;25;;;;
12042148;21;741;;;25;;;;
12041701;22;742;;;25;;;;
12041064;23;743;;;25;;;;
12040394;24;744;;;25;;;;
21090100;25;745;;;25;;;;
12042502;26;746;;;25;;;;
21090369;27;747;;;25;;;;
12041657;28;748;;;25;;;;
12040635;29;749;;;25;;;;
71010069;30;750;;;25;;;;
Ctrl_plt25;Control;Ctrl_plt25;;;25;66,7;;;
12042393;1;751;;;26;;;;
12040664;2;752;;;26;;;;
21090609;3;753;;;26;;;;
21090751;4;754;;;26;;;;
12041823;5;755;;;26;;;;
21090948;6;756;;;26;;;;
12042172;7;757;;;26;;;;
12041732;8;758;;;26;;;;
12041042;9;759;;;26;;;;
12040082;10;760;;;26;;;;
12041337;11;761;;;26;;;;
12042126;12;762;;;26;;;;
12040160;13;763;;;26;;;;
12041985;14;764;;;26;;;;
12042542;15;765;;;26;;;;
12041971;16;766;;;26;;;;
12042387;17;767;;;26;;;;
12041581;18;768;;;26;;;;
21090431;19;769;;;26;;;;
12041224;20;770;;;26;;;;
12041398;21;771;;;26;;;;
12040281;22;772;;;26;;;;
12041326;23;773;;;26;;;;
21090198;24;774;;;26;;;;
12041797;25;775;;;26;;;;
12040633;26;776;;;26;;;;
12041049;27;777;;;26;;;;
12042317;28;778;;;26;;;;
21090661;29;779;;;26;;;;
12041766;30;780;;;26;;;;
Ctrl_plt26;Control;Ctrl_plt26;;;26;66,7;;;
12041339;1;781;;;27;;;;
12040432;2;782;;;27;;;;
21090284;3;783;;;27;;;;
21090945;4;784;;;27;;;;
12041996;5;785;;;27;;;;
71010029;6;786;;;27;;;;
12041242;7;787;;;27;;;;
12041845;8;788;;;27;;;;
12041664;9;789;;;27;;;;
21090379;10;790;;;27;;;;
21090610;11;791;;;27;;;;
12040339;12;792;;;27;;;;
12042110;13;793;;;27;;;;
12041834;14;794;;;27;;;;
12041390;15;795;;;27;;;;
12041580;16;796;;;27;;;;
12040673;17;797;;;27;;;;
12041979;18;798;;;27;;;;
12042456;19;799;;;27;;;;
21090373;20;800;;;27;;;;
12041957;21;801;;;27;;;;
71010034;22;802;;;27;;;;
12041407;23;803;;;27;;;;
21090659;24;804;;;27;;;;
12041804;25;805;;;27;;;;
12041435;26;806;;;27;;;;
12041819;27;807;;;27;;;;
75010014;28;808;;;27;;;;
12041988;29;809;;;27;;;;
12041807;30;810;;;27;;;;
Ctrl_plt27;Control;Ctrl_plt27;;;27;66,7;;;
21090268;1;811;;;28;;;;
21090179;2;812;;;28;;;;
12041293;3;813;;;28;;;;
12040179;4;814;;;28;;;;
21090600;5;815;;;28;;;;
12041030;6;816;;;28;;;;
21090428;7;817;;;28;;;;
21090573;8;818;;;28;;;;
21090872;9;819;;;28;;;;
12041015;10;820;;;28;;;;
12040860;11;821;;;28;;;;
12041431;12;822;;;28;;;;
12040759;13;823;;;28;;;;
21090046;14;824;;;28;;;;
12040970;15;825;;;28;;;;
21090887;16;826;;;28;;;;
12040608;17;827;;;28;;;;
21090913;18;828;;;28;;;;
71010019;19;829;;;28;;;;
12041479;20;830;;;28;;;;
12040455;21;831;;;28;;;;
12041204;22;832;;;28;;;;
12041808;23;833;;;28;;;;
12041405;24;834;;;28;;;;
12041245;25;835;;;28;;;;
12041923;26;836;;;28;;;;
12040280;27;837;;;28;;;;
12042319;28;838;;;28;;;;
12040917;29;839;;;28;;;;
12041262;30;840;;;28;;;;
Ctrl_plt28;Control;Ctrl_plt28;;;28;66,7;;;
12041935;1;841;;;29;;;;
12041725;2;842;;;29;;;;
12041278;3;843;;;29;;;;
12041735;4;844;;;29;;;;
21090879;5;845;;;29;;;;
21090927;6;846;;;29;;;;
12040076;7;847;;;29;;;;
12041331;8;848;;;29;;;;
21090934;9;849;;;29;;;;
21090164;10;850;;;29;;;;
12041136;11;851;;;29;;;;
12041385;12;852;;;29;;;;
12041704;13;853;;;29;;;;
12042345;14;854;;;29;;;;
12041655;15;855;;;29;;;;
12042205;16;856;;;29;;;;
12042327;17;857;;;29;;;;
71010036;18;858;;;29;;;;
12041736;19;859;;;29;;;;
12040123;20;860;;;29;;;;
21090578;21;861;;;29;;;;
12041800;22;862;;;29;;;;
12042241;23;863;;;29;;;;
12041492;24;864;;;29;;;;
12040886;25;865;;;29;;;;
12040769;26;866;;;29;;;;
12040109;27;867;;;29;;;;
21090064;28;868;;;29;;;;
12040814;29;869;;;29;;;;
12041801;30;870;;;29;;;;
Ctrl_plt29;Control;Ctrl_plt29;;;29;66,7;;;
12040482;1;871;;;30;;;;
12041528;2;872;;;30;;;;
12041975;3;873;;;30;;;;
12041253;4;874;;;30;;;;
12041981;5;875;;;30;;;;
21090165;6;876;;;30;;;;
12041812;7;877;;;30;;;;
12041949;8;878;;;30;;;;
12042154;9;879;;;30;;;;
12040986;10;880;;;30;;;;
21090352;11;881;;;30;;;;
12041353;12;882;;;30;;;;
12040800;13;883;;;30;;;;
12042551;14;884;;;30;;;;
12041803;15;885;;;30;;;;
12040652;16;886;;;30;;;;
12040249;17;887;;;30;;;;
12041350;18;888;;;30;;;;
12041186;19;889;;;30;;;;
12041220;20;890;;;30;;;;
12042329;21;891;;;30;;;;
12041442;22;892;;;30;;;;
12042368;23;893;;;30;;;;
12041061;24;894;;;30;;;;
12040475;25;895;;;30;;;;
12040861;26;896;;;30;;;;
12042483;27;897;;;30;;;;
12041259;28;898;;;30;;;;
12041667;29;899;;;30;;;;
12042637;30;900;;;30;;;;
Ctrl_plt30;Control;Ctrl_plt30;;;30;66,7;;;
12040976;1;901;;;31;;;;
12040371;2;902;;;31;;;;
12041493;3;903;;;31;;;;
12040457;4;904;;;31;;;;
12042591;5;905;;;31;;;;
12042627;6;906;;;31;;;;
12040438;7;907;;;31;;;;
12042606;8;908;;;31;;;;
75010032;9;909;;;31;;;;
12040469;10;910;;;31;;;;
12041244;11;911;;;31;;;;
12041818;12;912;;;31;;;;
21090603;13;913;;;31;;;;
12040788;14;914;;;31;;;;
12042339;15;915;;;31;;;;
12042476;16;916;;;31;;;;
12040973;17;917;;;31;;;;
12041419;18;918;;;31;;;;
12041609;19;919;;;31;;;;
12040178;20;920;;;31;;;;
21090181;21;921;;;31;;;;
12041666;22;922;;;31;;;;
12041143;23;923;;;31;;;;
75010034;24;924;;;31;;;;
12042374;25;925;;;31;;;;
12042340;26;926;;;31;;;;
12042141;27;927;;;31;;;;
12040151;28;928;;;31;;;;
12041940;29;929;;;31;;;;
12040483;30;930;;;31;;;;
Ctrl_plt31;Control;Ctrl_plt31;;;31;66,7;;;
12040651;1;931;;;32;;;;
12042574;2;932;;;32;;;;
12040450;3;933;;;32;;;;
12040785;4;934;;;32;;;;
12040980;5;935;;;32;;;;
12042621;6;936;;;32;;;;
12041246;7;937;;;32;;;;
12041305;8;938;;;32;;;;
12040400;9;939;;;32;;;;
12042202;10;940;;;32;;;;
12041340;11;941;;;32;;;;
12040297;12;942;;;32;;;;
12040091;13;943;;;32;;;;
21090366;14;944;;;32;;;;
12042324;15;945;;;32;;;;
12041482;16;946;;;32;;;;
12041842;17;947;;;32;;;;
12041761;18;948;;;32;;;;
12042328;19;949;;;32;;;;
12042605;20;950;;;32;;;;
71010047;21;951;;;32;;;;
12040415;22;952;;;32;;;;
12040747;23;953;;;32;;;;
12040508;24;954;;;32;;;;
12041025;25;955;;;32;;;;
21090399;26;956;;;32;;;;
12041362;27;957;;;32;;;;
12042478;28;958;;;32;;;;
12041618;29;959;;;32;;;;
21090416;30;960;;;32;;;;
Ctrl_plt32;Control;Ctrl_plt32;;;32;66,7;;;
12041515;1;961;;;33;;;;
12041682;2;962;;;33;;;;
12042589;3;963;;;33;;;;
12040896;4;964;;;33;;;;
12042599;5;965;;;33;;;;
12041987;6;966;;;33;;;;
12040321;7;967;;;33;;;;
21090687;8;968;;;33;;;;
12040267;9;969;;;33;;;;
21090579;10;970;;;33;;;;
75010001;11;971;;;33;;;;
12041810;12;972;;;33;;;;
12041719;13;973;;;33;;;;
12041284;14;974;;;33;;;;
12041874;15;975;;;33;;;;
12040487;16;976;;;33;;;;
12042392;17;977;;;33;;;;
21090572;18;978;;;33;;;;
21090536;19;979;;;33;;;;
12042405;20;980;;;33;;;;
12041180;21;981;;;33;;;;
12041404;22;982;;;33;;;;
12041733;23;983;;;33;;;;
12040303;24;984;;;33;;;;
12042495;25;985;;;33;;;;
21090192;26;986;;;33;;;;
12041530;27;987;;;33;;;;
21090622;28;988;;;33;;;;
21090423;29;989;;;33;;;;
12041739;30;990;;;33;;;;
Ctrl_plt33;Control;Ctrl_plt33;;;33;66,7;;;
12041024;1;991;;;34;;;;
21090561;2;992;;;34;;;;
12040578;3;993;;;34;;;;
21090535;4;994;;;34;;;;
21090067;5;995;;;34;;;;
12041932;6;996;;;34;;;;
12041118;7;997;;;34;;;;
21090161;8;998;;;34;;;;
12041432;9;999;;;34;;;;
12040941;10;1000;;;34;;;;
21090691;11;1001;;;34;;;;
12041233;12;1002;;;34;;;;
12042453;13;1003;;;34;;;;
21090765;14;1004;;;34;;;;
12042473;15;1005;;;34;;;;
12042313;16;1006;;;34;;;;
21090065;17;1007;;;34;;;;
75010017;18;1008;;;34;;;;
21090552;19;1009;;;34;;;;
12041764;20;1010;;;34;;;;
12041268;21;1011;;;34;;;;
21090717;22;1012;;;34;;;;
12041691;23;1013;;;34;;;;
12040116;24;1014;;;34;;;;
12041287;25;1015;;;34;;;;
12040757;26;1016;;;34;;;;
21090432;27;1017;;;34;;;;
12040268;28;1018;;;34;;;;
12041859;29;1019;;;34;;;;
12040762;30;1020;;;34;;;;
Ctrl_plt34;Control;Ctrl_plt34;;;34;66,7;;;
12041096;1;1021;;;35;;;;
12042163;2;1022;;;35;;;;
12040639;3;1023;;;35;;;;
12042364;4;1024;;;35;;;;
12041723;5;1025;;;35;;;;
12041939;6;1026;;;35;;;;
75010029;7;1027;;;35;;;;
12041827;8;1028;;;35;;;;
12041168;9;1029;;;35;;;;
12042167;10;1030;;;35;;;;
12040059;11;1031;;;35;;;;
12041264;12;1032;;;35;;;;
21090043;13;1033;;;35;;;;
12042401;14;1034;;;35;;;;
12040563;15;1035;;;35;;;;
12041374;16;1036;;;35;;;;
12042633;17;1037;;;35;;;;
12042394;18;1038;;;35;;;;
12040647;19;1039;;;35;;;;
21090874;20;1040;;;35;;;;
12042129;21;1041;;;35;;;;
12041265;22;1042;;;35;;;;
12040776;23;1043;;;35;;;;
12042565;24;1044;;;35;;;;
12041365;25;1045;;;35;;;;
12042496;26;1046;;;35;;;;
12041019;27;1047;;;35;;;;
75010031;28;1048;;;35;;;;
12042416;29;1049;;;35;;;;
12041824;30;1050;;;35;;;;
Ctrl_plt35;Control;Ctrl_plt35;;;35;66,7;;;
21090574;1;1051;;;36;;;;
12040134;2;1052;;;36;;;;
12042422;3;1053;;;36;;;;
12042389;4;1054;;;36;;;;
12042437;5;1055;;;36;;;;
12041235;6;1056;;;36;;;;
12040568;7;1057;;;36;;;;
12040425;8;1058;;;36;;;;
12040084;9;1059;;;36;;;;
21090748;10;1060;;;36;;;;
12042337;11;1061;;;36;;;;
12042444;12;1062;;;36;;;;
21090351;13;1063;;;36;;;;
12041955;14;1064;;;36;;;;
12041929;15;1065;;;36;;;;
12040975;16;1066;;;36;;;;
12041992;17;1067;;;36;;;;
12042147;18;1068;;;36;;;;
12040615;19;1069;;;36;;;;
12040517;20;1070;;;36;;;;
12041409;21;1071;;;36;;;;
12042142;22;1072;;;36;;;;
12041195;23;1073;;;36;;;;
12042144;24;1074;;;36;;;;
21090706;25;1075;;;36;;;;
12040772;26;1076;;;36;;;;
12040589;27;1077;;;36;;;;
21090063;28;1078;;;36;;;;
21090936;29;1079;;;36;;;;
12040916;30;1080;;;36;;;;
Ctrl_plt36;Control;Ctrl_plt36;;;36;66,7;;;
12042216;1;1081;;;37;;;;
21090557;2;1082;;;37;;;;
12041205;3;1083;;;37;;;;
12040253;4;1084;;;37;;;;
12040113;5;1085;;;37;;;;
12042343;6;1086;;;37;;;;
21090693;7;1087;;;37;;;;
71010059;8;1088;;;37;;;;
12040606;9;1089;;;37;;;;
12040771;10;1090;;;37;;;;
12040494;11;1091;;;37;;;;
12040792;12;1092;;;37;;;;
12041795;13;1093;;;37;;;;
75010015;14;1094;;;37;;;;
21090039;15;1095;;;37;;;;
12040381;16;1096;;;37;;;;
21090418;17;1097;;;37;;;;
12041737;18;1098;;;37;;;;
12040974;19;1099;;;37;;;;
12041588;20;1100;;;37;;;;
12040395;21;1101;;;37;;;;
12041440;22;1102;;;37;;;;
12041999;23;1103;;;37;;;;
12042155;24;1104;;;37;;;;
12041281;25;1105;;;37;;;;
12040261;26;1106;;;37;;;;
12041324;27;1107;;;37;;;;
21090154;28;1108;;;37;;;;
12041177;29;1109;;;37;;;;
12041745;30;1110;;;37;;;;
Ctrl_plt37;Control;Ctrl_plt37;;;37;66,7;;;
21090183;1;1111;;;38;;;;
12040522;2;1112;;;38;;;;
12041438;3;1113;;;38;;;;
21090290;4;1114;;;38;;;;
12041871;5;1115;;;38;;;;
12042441;6;1116;;;38;;;;
12040648;7;1117;;;38;;;;
12040464;8;1118;;;38;;;;
12040587;9;1119;;;38;;;;
12041934;10;1120;;;38;;;;
12042251;11;1121;;;38;;;;
12041455;12;1122;;;38;;;;
21090548;13;1123;;;38;;;;
12041231;14;1124;;;38;;;;
12040130;15;1125;;;38;;;;
12040565;16;1126;;;38;;;;
12040646;17;1127;;;38;;;;
21090849;18;1128;;;38;;;;
21090353;19;1129;;;38;;;;
21090767;20;1130;;;38;;;;
12041396;21;1131;;;38;;;;
12042318;22;1132;;;38;;;;
12041002;23;1133;;;38;;;;
12042475;24;1134;;;38;;;;
12042403;25;1135;;;38;;;;
21090760;26;1136;;;38;;;;
71010048;27;1137;;;38;;;;
12040613;28;1138;;;38;;;;
12042371;29;1139;;;38;;;;
12041290;30;1140;;;38;;;;
Ctrl_plt38;Control;Ctrl_plt38;;;38;66,7;;;
12041924;1;1141;;;39;;;;
12042461;2;1142;;;39;;;;
12040865;3;1143;;;39;;;;
71010057;4;1144;;;39;;;;
12042218;5;1145;;;39;;;;
21090090;6;1146;;;39;;;;
12041882;7;1147;;;39;;;;
12040666;8;1148;;;39;;;;
12042171;9;1149;;;39;;;;
12042489;10;1150;;;39;;;;
21090041;11;1151;;;39;;;;
12042135;12;1152;;;39;;;;
12041286;13;1153;;;39;;;;
12040610;14;1154;;;39;;;;
21090381;15;1155;;;39;;;;
12041378;16;1156;;;39;;;;
12040051;17;1157;;;39;;;;
21090069;18;1158;;;39;;;;
12040142;19;1159;;;39;;;;
12041294;20;1160;;;39;;;;
12041175;21;1161;;;39;;;;
21090091;22;1162;;;39;;;;
21090175;23;1163;;;39;;;;
12041421;24;1164;;;39;;;;
12040372;25;1165;;;39;;;;
12041250;26;1166;;;39;;;;
12041349;27;1167;;;39;;;;
12041830;28;1168;;;39;;;;
12042132;29;1169;;;39;;;;
12041330;30;1170;;;39;;;;
Ctrl_plt39;Control;Ctrl_plt39;;;39;66,7;;;
12040141;1;1171;;;40;;;;
71010031;2;1172;;;40;;;;
12040463;3;1173;;;40;;;;
12040406;4;1174;;;40;;;;
12041412;5;1175;;;40;;;;
12041179;6;1176;;;40;;;;
12041925;7;1177;;;40;;;;
12040521;8;1178;;;40;;;;
12041966;9;1179;;;40;;;;
12042159;10;1180;;;40;;;;
21090079;11;1181;;;40;;;;
12041223;12;1182;;;40;;;;
12041548;13;1183;;;40;;;;
12040642;14;1184;;;40;;;;
12040901;15;1185;;;40;;;;
12042498;16;1186;;;40;;;;
12041192;17;1187;;;40;;;;
12041899;18;1188;;;40;;;;
12041995;19;1189;;;40;;;;
21090732;20;1190;;;40;;;;
12040605;21;1191;;;40;;;;
21090444;22;1192;;;40;;;;
12040746;23;1193;;;40;;;;
12041312;24;1194;;;40;;;;
12042609;25;1195;;;40;;;;
12041594;26;1196;;;40;;;;
12042177;27;1197;;;40;;;;
71010001;28;1198;;;40;;;;
12041983;29;1199;;;40;;;;
12042610;30;1200;;;40;;;;
Ctrl_plt40;Control;Ctrl_plt40;;;40;66,7;;;
12040630;1;1201;;;41;;;;
12042622;2;1202;;;41;;;;
12040492;3;1203;;;41;;;;
12041366;4;1204;;;41;;;;
12040781;5;1205;;;41;;;;
12041460;6;1206;;;41;;;;
71010027;7;1207;;;41;;;;
12041623;8;1208;;;41;;;;
12041308;9;1209;;;41;;;;
12040335;10;1210;;;41;;;;
12040181;11;1211;;;41;;;;
12042469;12;1212;;;41;;;;
12041738;13;1213;;;41;;;;
12040443;14;1214;;;41;;;;
12041586;15;1215;;;41;;;;
12041157;16;1216;;;41;;;;
12042125;17;1217;;;41;;;;
12040779;18;1218;;;41;;;;
12040581;19;1219;;;41;;;;
12041291;20;1220;;;41;;;;
12041234;21;1221;;;41;;;;
12041452;22;1222;;;41;;;;
12041255;23;1223;;;41;;;;
12042390;24;1224;;;41;;;;
12040821;25;1225;;;41;;;;
21090568;26;1226;;;41;;;;
12042432;27;1227;;;41;;;;
71010044;28;1228;;;41;;;;
12040855;29;1229;;;41;;;;
12041847;30;1230;;;41;;;;
Ctrl_plt41;Control;Ctrl_plt41;;;41;66,7;;;
12041428;1;1231;;;42;;;;
12041481;2;1232;;;42;;;;
12040525;3;1233;;;42;;;;
12041556;4;1234;;;42;;;;
12040593;5;1235;;;42;;;;
12041892;6;1236;;;42;;;;
12041016;7;1237;;;42;;;;
12041193;8;1238;;;42;;;;
12041108;9;1239;;;42;;;;
12041976;10;1240;;;42;;;;
12041959;11;1241;;;42;;;;
12040409;12;1242;;;42;;;;
12042583;13;1243;;;42;;;;
12042555;14;1244;;;42;;;;
12040774;15;1245;;;42;;;;
12040421;16;1246;;;42;;;;
12042452;17;1247;;;42;;;;
12041680;18;1248;;;42;;;;
12040665;19;1249;;;42;;;;
21090546;20;1250;;;42;;;;
12042459;21;1251;;;42;;;;
12040460;22;1252;;;42;;;;
21090692;23;1253;;;42;;;;
12042417;24;1254;;;42;;;;
12041758;25;1255;;;42;;;;
12040081;26;1256;;;42;;;;
12041671;27;1257;;;42;;;;
12042370;28;1258;;;42;;;;
12041232;29;1259;;;42;;;;
21090668;30;1260;;;42;;;;
Ctrl_plt42;Control;Ctrl_plt42;;;42;66,7;;;
12041429;1;1261;;;43;;;;
12040982;2;1262;;;43;;;;
12041903;3;1263;;;43;;;;
12042412;4;1264;;;43;;;;
12040359;5;1265;;;43;;;;
12042467;6;1266;;;43;;;;
12042414;7;1267;;;43;;;;
12041444;8;1268;;;43;;;;
12041320;9;1269;;;43;;;;
12042406;10;1270;;;43;;;;
12041768;11;1271;;;43;;;;
12041876;12;1272;;;43;;;;
12041967;13;1273;;;43;;;;
21090928;14;1274;;;43;;;;
12042398;15;1275;;;43;;;;
12041258;16;1276;;;43;;;;
21090042;17;1277;;;43;;;;
12041217;18;1278;;;43;;;;
12040099;19;1279;;;43;;;;
12041746;20;1280;;;43;;;;
12041911;21;1281;;;43;;;;
12041855;22;1282;;;43;;;;
12040996;23;1283;;;43;;;;
12041363;24;1284;;;43;;;;
12040997;25;1285;;;43;;;;
21090376;26;1286;;;43;;;;
21090617;27;1287;;;43;;;;
12041360;28;1288;;;43;;;;
12040858;29;1289;;;43;;;;
12040507;30;1290;;;43;;;;
Ctrl_plt43;Control;Ctrl_plt43;;;43;66,7;;;
12040824;1;1291;;;44;;;;
12042499;2;1292;;;44;;;;
12040987;3;1293;;;44;;;;
12041709;4;1294;;;44;;;;
21090719;5;1295;;;44;;;;
12040110;6;1296;;;44;;;;
21090297;7;1297;;;44;;;;
71010006;8;1298;;;44;;;;
12041894;9;1299;;;44;;;;
21090073;10;1300;;;44;;;;
12040758;11;1301;;;44;;;;
12042372;12;1302;;;44;;;;
12040756;13;1303;;;44;;;;
12040625;14;1304;;;44;;;;
12041578;15;1305;;;44;;;;
12041905;16;1306;;;44;;;;
12042434;17;1307;;;44;;;;
12040326;18;1308;;;44;;;;
12042488;19;1309;;;44;;;;
12042404;20;1310;;;44;;;;
12042468;21;1311;;;44;;;;
21090086;22;1312;;;44;;;;
12040819;23;1313;;;44;;;;
12042257;24;1314;;;44;;;;
12040364;25;1315;;;44;;;;
12042363;26;1316;;;44;;;;
21090166;27;1317;;;44;;;;
12041075;28;1318;;;44;;;;
12041219;29;1319;;;44;;;;
12040302;30;1320;;;44;;;;
Ctrl_plt44;Control;Ctrl_plt44;;;44;66,7;;;
12041086;1;1321;;;45;;;;
12040877;2;1322;;;45;;;;
12041747;3;1323;;;45;;;;
12042173;4;1324;;;45;;;;
12041298;5;1325;;;45;;;;
12042247;6;1326;;;45;;;;
12041373;7;1327;;;45;;;;
71010058;8;1328;;;45;;;;
12040098;9;1329;;;45;;;;
12042477;10;1330;;;45;;;;
12040422;11;1331;;;45;;;;
12042482;12;1332;;;45;;;;
12040449;13;1333;;;45;;;;
12040071;14;1334;;;45;;;;
12040938;15;1335;;;45;;;;
21090596;16;1336;;;45;;;;
21090594;17;1337;;;45;;;;
21090597;18;1338;;;45;;;;
12041301;19;1339;;;45;;;;
12040609;20;1340;;;45;;;;
12041759;21;1341;;;45;;;;
12041230;22;1342;;;45;;;;
12041166;23;1343;;;45;;;;
12041169;24;1344;;;45;;;;
12041454;25;1345;;;45;;;;
12042620;26;1346;;;45;;;;
12042121;27;1347;;;45;;;;
21090891;28;1348;;;45;;;;
12041391;29;1349;;;45;;;;
12041497;30;1350;;;45;;;;
Ctrl_plt45;Control;Ctrl_plt45;;;45;66,7;;;
12041311;1;1351;;;46;;;;
12040863;2;1352;;;46;;;;
12040300;3;1353;;;46;;;;
12042480;4;1354;;;46;;;;
12041338;5;1355;;;46;;;;
21090710;6;1356;;;46;;;;
21090277;7;1357;;;46;;;;
12041571;8;1358;;;46;;;;
12041221;9;1359;;;46;;;;
12042575;10;1360;;;46;;;;
12040749;11;1361;;;46;;;;
21090595;12;1362;;;46;;;;
12041532;13;1363;;;46;;;;
12042378;14;1364;;;46;;;;
12041930;15;1365;;;46;;;;
12041884;16;1366;;;46;;;;
21090606;17;1367;;;46;;;;
12040750;18;1368;;;46;;;;
12041545;19;1369;;;46;;;;
12042611;20;1370;;;46;;;;
12041314;21;1371;;;46;;;;
12042314;22;1372;;;46;;;;
12042429;23;1373;;;46;;;;
12040368;24;1374;;;46;;;;
21090187;25;1375;;;46;;;;
12041202;26;1376;;;46;;;;
12041174;27;1377;;;46;;;;
21090363;28;1378;;;46;;;;
12040801;29;1379;;;46;;;;
21090097;30;1380;;;46;;;;
Ctrl_plt46;Control;Ctrl_plt46;;;46;66,7;;;
12042166;1;1381;;;47;;;;
12040998;2;1382;;;47;;;;
12041774;3;1383;;;47;;;;
12041228;4;1384;;;47;;;;
12040309;5;1385;;;47;;;;
21090758;6;1386;;;47;;;;
12040410;7;1387;;;47;;;;
12040155;8;1388;;;47;;;;
12042428;9;1389;;;47;;;;
12042625;10;1390;;;47;;;;
12040677;11;1391;;;47;;;;
12042373;12;1392;;;47;;;;
12041017;13;1393;;;47;;;;
12041052;14;1394;;;47;;;;
21090035;15;1395;;;47;;;;
12040977;16;1396;;;47;;;;
12041334;17;1397;;;47;;;;
12041688;18;1398;;;47;;;;
12040603;19;1399;;;47;;;;
12040436;20;1400;;;47;;;;
21090935;21;1401;;;47;;;;
75010006;22;1402;;;47;;;;
12041000;23;1403;;;47;;;;
21090296;24;1404;;;47;;;;
12040590;25;1405;;;47;;;;
12041196;26;1406;;;47;;;;
12040640;27;1407;;;47;;;;
12042630;28;1408;;;47;;;;
21090869;29;1409;;;47;;;;
12041473;30;1410;;;47;;;;
Ctrl_plt47;Control;Ctrl_plt47;;;47;66,7;;;
12040150;1;1411;;;48;;;;
12042397;2;1412;;;48;;;;
12040927;3;1413;;;48;;;;
12041321;4;1414;;;48;;;;
12041381;5;1415;;;48;;;;
12042325;6;1416;;;48;;;;
12041945;7;1417;;;48;;;;
21090076;8;1418;;;48;;;;
21090099;9;1419;;;48;;;;
12042472;10;1420;;;48;;;;
21090611;11;1421;;;48;;;;
12042581;12;1422;;;48;;;;
12041998;13;1423;;;48;;;;
12041348;14;1424;;;48;;;;
12042603;15;1425;;;48;;;;
21090588;16;1426;;;48;;;;
12040641;17;1427;;;48;;;;
12040755;18;1428;;;48;;;;
12041476;19;1429;;;48;;;;
12041341;20;1430;;;48;;;;
12041916;21;1431;;;48;;;;
12041389;22;1432;;;48;;;;
71010071;23;1433;;;48;;;;
12042543;24;1434;;;48;;;;
21090374;25;1435;;;48;;;;
12040786;26;1436;;;48;;;;
12042120;27;1437;;;48;;;;
12041386;28;1438;;;48;;;;
12040529;29;1439;;;48;;;;
12040520;30;1440;;;48;;;;
Ctrl_plt48;Control;Ctrl_plt48;;;48;66,7;;;
12042470;1;1441;;;49;;;;
12041355;2;1442;;;49;;;;
12040496;3;1443;;;49;;;;
12041197;4;1444;;;49;;;;
12042225;5;1445;;;49;;;;
12042123;6;1446;;;49;;;;
12041135;7;1447;;;49;;;;
21090365;8;1448;;;49;;;;
12040282;9;1449;;;49;;;;
21090585;10;1450;;;49;;;;
12040439;11;1451;;;49;;;;
12041243;12;1452;;;49;;;;
12040328;13;1453;;;49;;;;
12041826;14;1454;;;49;;;;
12040773;15;1455;;;49;;;;
12041632;16;1456;;;49;;;;
75010012;17;1457;;;49;;;;
21090930;18;1458;;;49;;;;
12041471;19;1459;;;49;;;;
12041604;20;1460;;;49;;;;
12041877;21;1461;;;49;;;;
12040744;22;1462;;;49;;;;
12041083;23;1463;;;49;;;;
12042500;24;1464;;;49;;;;
12041837;25;1465;;;49;;;;
21090842;26;1466;;;49;;;;
12042000;27;1467;;;49;;;;
71010051;28;1468;;;49;;;;
12041307;29;1469;;;49;;;;
12040754;30;1470;;;49;;;;
Ctrl_plt49;Control;Ctrl_plt49;;;49;66,7;;;
12041109;1;1471;;;50;;;;
12041750;2;1472;;;50;;;;
12040524;3;1473;;;50;;;;
12041403;4;1474;;;50;;;;
12041402;5;1475;;;50;;;;
12042508;6;1476;;;50;;;;
12042381;7;1477;;;50;;;;
12040852;8;1478;;;50;;;;
21090754;9;1479;;;50;;;;
12042552;10;1480;;;50;;;;
12042487;11;1481;;;50;;;;
12040198;12;1482;;;50;;;;
12040627;13;1483;;;50;;;;
12041788;14;1484;;;50;;;;
12040614;15;1485;;;50;;;;
12040266;16;1486;;;50;;;;
12041139;17;1487;;;50;;;;
21090449;18;1488;;;50;;;;
12040284;19;1489;;;50;;;;
21090944;20;1490;;;50;;;;
12040527;21;1491;;;50;;;;
12041130;22;1492;;;50;;;;
12041424;23;1493;;;50;;;;
12041880;24;1494;;;50;;;;
12040501;25;1495;;;50;;;;
12040064;26;1496;;;50;;;;
12040493;27;1497;;;50;;;;
12040624;28;1498;;;50;;;;
12040500;29;1499;;;50;;;;
12041397;30;1500;;;50;;;;
Ctrl_plt50;Control;Ctrl_plt50;;;50;66,7;;;
75010016;1;1501;;;51;;;;
21090427;2;1502;;;51;;;;
12041306;3;1503;;;51;;;;
12040925;4;1504;;;51;;;;
12041765;5;1505;;;51;;;;
12041325;6;1506;;;51;;;;
12040103;7;1507;;;51;;;;
21090400;8;1508;;;51;;;;
12041908;9;1509;;;51;;;;
12041526;10;1510;;;51;;;;
12042402;11;1511;;;51;;;;
12042635;12;1512;;;51;;;;
71010045;13;1513;;;51;;;;
12041140;14;1514;;;51;;;;
12042137;15;1515;;;51;;;;
12041276;16;1516;;;51;;;;
12041056;17;1517;;;51;;;;
12040246;18;1518;;;51;;;;
12040601;19;1519;;;51;;;;
12040370;20;1520;;;51;;;;
12042248;21;1521;;;51;;;;
12041225;22;1522;;;51;;;;
12041717;23;1523;;;51;;;;
12040602;24;1524;;;51;;;;
21090088;25;1525;;;51;;;;
12040965;26;1526;;;51;;;;
12041392;27;1527;;;51;;;;
12040991;28;1528;;;51;;;;
21090160;29;1529;;;51;;;;
12041789;30;1530;;;51;;;;
Ctrl_plt51;Control;Ctrl_plt51;;;51;66,7;;;
12040637;1;1531;;;52;;;;
21090685;2;1532;;;52;;;;
12041649;3;1533;;;52;;;;
71010035;4;1534;;;52;;;;
12041446;5;1535;;;52;;;;
21090560;6;1536;;;52;;;;
12041567;7;1537;;;52;;;;
12040659;8;1538;;;52;;;;
12040497;9;1539;;;52;;;;
12040269;10;1540;;;52;;;;
12040479;11;1541;;;52;;;;
12042505;12;1542;;;52;;;;
12041700;13;1543;;;52;;;;
12040265;14;1544;;;52;;;;
12041141;15;1545;;;52;;;;
12040428;16;1546;;;52;;;;
12041887;17;1547;;;52;;;;
12040331;18;1548;;;52;;;;
12042590;19;1549;;;52;;;;
71010028;20;1550;;;52;;;;
21090281;21;1551;;;52;;;;
12040632;22;1552;;;52;;;;
75010028;23;1553;;;52;;;;
12040481;24;1554;;;52;;;;
12041352;25;1555;;;52;;;;
12042162;26;1556;;;52;;;;
12042545;27;1557;;;52;;;;
21090295;28;1558;;;52;;;;
12040629;29;1559;;;52;;;;
12042395;30;1560;;;52;;;;
Ctrl_plt52;Control;Ctrl_plt52;;;52;66,7;;;
21090591;1;1561;;;53;;;;
21090537;2;1562;;;53;;;;
12041947;3;1563;;;53;;;;
12041566;4;1564;;;53;;;;
12041724;5;1565;;;53;;;;
12042410;6;1566;;;53;;;;
12042634;7;1567;;;53;;;;
12041272;8;1568;;;53;;;;
21090071;9;1569;;;53;;;;
12041144;10;1570;;;53;;;;
12042554;11;1571;;;53;;;;
12041323;12;1572;;;53;;;;
12041575;13;1573;;;53;;;;
21090904;14;1574;;;53;;;;
21090038;15;1575;;;53;;;;
21090882;16;1576;;;53;;;;
12042207;17;1577;;;53;;;;
12041927;18;1578;;;53;;;;
12040048;19;1579;;;53;;;;
12040146;20;1580;;;53;;;;
12040621;21;1581;;;53;;;;
21090184;22;1582;;;53;;;;
12040553;23;1583;;;53;;;;
12041513;24;1584;;;53;;;;
21090023;25;1585;;;53;;;;
12041839;26;1586;;;53;;;;
75010045;27;1587;;;53;;;;
12041057;28;1588;;;53;;;;
12041439;29;1589;;;53;;;;
12042413;30;1590;;;53;;;;
Ctrl_plt553;Control;Ctrl_plt53;;;53;66,7;;;
12041902;1;1591;;;54;;;;
12041380;2;1592;;;54;;;;
21090704;3;1593;;;54;;;;
12040836;4;1594;;;54;;;;
21090544;5;1595;;;54;;;;
12042383;6;1596;;;54;;;;
12040807;7;1597;;;54;;;;
12041773;8;1598;;;54;;;;
12040378;9;1599;;;54;;;;
12042430;10;1600;;;54;;;;
75010037;11;1601;;;54;;;;
;;;;;;;;;
;;;;;;;;;
;;;;;;;;;
;;;;;;;;;
;;;;;;;;;
;;;;;;;;;
;;;;;;;;;
;;;;;;;;;
;;;;;;;;;
;;;;;;;;;
;;;;;;;;;
;;;;;;;;;
;;;;;;;;;
;;;;;;;;;
;;;;;;;;;
;;;;;;;;;
;;;;;;;;;
;;;;;;;;;
;;;;;;;;;
;;;;;;;;;
;;;;;;;;;
;;;;;;;;;
;;;;;;;;;
;;;;;;;;;
;;;;;;;;;
;;;;;;;;;
;;;;;;;;;
;;;;;;;;;
;;;;;;;;;
;;;;;;;;;
;;;;;;;;;
;;;;;;;;;
;;;;;;;;;
;;;;;;;;;
;;;;;;;;;
;;;;;;;;;
;;;;;;;;;
;;;;;;;;;
;;;;;;;;;
;;;;;;;;;
;;;;;;;;;
;;;;;;;;;
;;;;;;;;;
;;;;;;;;;
;;;;;;;;;
;;;;;;;;;
;;;;;;;;;
;;;;;;;;;
;;;;;;;;;
;;;;;;;;;
;;;;;;;;;
;;;;;;;;;
;;;;;;;;;
;;;;;;;;;
;;;;;;;;;
;;;;;;;;;
;;;;;;;;;
;;;;;;;;;
;;;;;;;;;
;;;;;;;;;
;;;;;;;;;
;;;;;;;;;
;;;;;;;;;
;;;;;;;;;
;;;;;;;;;
;;;;;;;;;
;;;;;;;;;
;;;;;;;;;
;;;;;;;;;
;;;;;;;;;
;;;;;;;;;
;;;;;;;;;
;;;;;;;;;
;;;;;;;;;
;;;;;;;;;
;;;;;;;;;
;;;;;;;;;
;;;;;;;;;
;;;;;;;;;
;;;;;;;;;
;;;;;;;;;
;;;;;;;;;
;;;;;;;;;
;;;;;;;;;
;;;;;;;;;
;;;;;;;;;
;;;;;;;;;
;;;;;;;;;
;;;;;;;;;
;;;;;;;;;
;;;;;;;;;
;;;;;;;;;
;;;;;;;;;
;;;;;;;;;
;;;;;;;;;
;;;;;;;;;
;;;;;;;;;
;;;;;;;;;
;;;;;;;;;
;;;;;;;;;
;;;;;;;;;
;;;;;;;;;
;;;;;;;;;
;;;;;;;;;
;;;;;;;;;
;;;;;;;;;
;;;;;;;;;
;;;;;;;;;
;;;;;;;;;
;;;;;;;;;
;;;;;;;;;
;;;;;;;;;
;;;;;;;;;
;;;;;;;;;
;;;;;;;;;
;;;;;;;;;
;;;;;;;;;
;;;;;;;;;
;;;;;;;;;
;;;;;;;;;
;;;;;;;;;
;;;;;;;;;
;;;;;;;;;
;;;;;;;;;
;;;;;;;;;
;;;;;;;;;
;;;;;;;;;
;;;;;;;;;
;;;;;;;;;
;;;;;;;;;
;;;;;;;;;
;;;;;;;;;
;;;;;;;;;
;;;;;;;;;
;;;;;;;;;
;;;;;;;;;
;;;;;;;;;
;;;;;;;;;
;;;;;;;;;
;;;;;;;;;
;;;;;;;;;
;;;;;;;;;
;;;;;;;;;
;;;;;;;;;
;;;;;;;;;
;;;;;;;;;
;;;;;;;;;
;;;;;;;;;
;;;;;;;;;
;;;;;;;;;
;;;;;;;;;
;;;;;;;;;
;;;;;;;;;
;;;;;;;;;
;;;;;;;;;
;;;;;;;;;
;;;;;;;;;
;;;;;;;;;
;;;;;;;;;
;;;;;;;;;
;;;;;;;;;
;;;;;;;;;
;;;;;;;;;
;;;;;;;;;
;;;;;;;;;
;;;;;;;;;
;;;;;;;;;
;;;;;;;;;
;;;;;;;;;
;;;;;;;;;
;;;;;;;;;
;;;;;;;;;
;;;;;;;;;
;;;;;;;;;
;;;;;;;;;
;;;;;;;;;
;;;;;;;;;
;;;;;;;;;
;;;;;;;;;
;;;;;;;;;
;;;;;;;;;
;;;;;;;;;
;;;;;;;;;
;;;;;;;;;
;;;;;;;;;
;;;;;;;;;
;;;;;;;;;
;;;;;;;;;
;;;;;;;;;
;;;;;;;;;
;;;;;;;;;
;;;;;;;;;
;;;;;;;;;
;;;;;;;;;
;;;;;;;;;
;;;;;;;;;
;;;;;;;;;
;;;;;;;;;
;;;;;;;;;